instructor,instructor (Count All)
ABAZA G M,1
ABBATE E C,3
ABDOLEE R,9
ABMAN Z,1
ABNEY D P,2
ABRA G J,41
ABRAMS A S,1
ABRAMSON T L,2
ABU-OMAR M,21
ABURQAYEQ G M,1
ACEVEDO B P,1
ACKERT E S,7
ACKLEY C R,1
ACOSTA-ALVEAR,6
ADAMS A J,10
ADAMS B,15
ADAMS E E,1
ADAMS J V,2
ADLER-KASSNER,2
ADORNETTO D,1
AFARY J,20
AFIFI T D,19
AFIFI W A,18
AGBOOLA A,9
AGEY E R,2
AGHAPOUR A A,1
AGRAWAL D,9
AGRAWAL S G,1
AGUILAR M,1
AHMAD A A,11
AHMED J,4
AHMED N S,1
AHUJA A,6
AIRAME S,3
AKEMANN C A,10
AKUDINOBI J,33
AKULOV D A,1
AL-BAHLOLY S,2
ALAGONA P S,21
ALANIZ D N,1
ALAR D L,1
ALBADA N A,16
ALDANA G V,2
ALESSIO P A,5
ALHALABIEH D,3
ALIZADEH M,15
ALLEN M A,1
ALMARAZ A,5
ALMEROTH K C,3
ALSALLOOM S,2
ALSHAIF G A,1
ALTHAUSER S B,4
ALVES A R,1
ALVES FERREIR,20
ALVES J A,19
ALZAGATITI J,2
AMADO R,3
AMAR P E,13
AMARAL DE CAS,1
AMAYA E C,2
AMIHAY A,12
AMIHAY O,17
AMIN-HONG H,6
ANANTH P V,10
ANDERS A,5
ANDERSON A K,1
ANDERSON D D,1
ANDERSON KE B,11
ANDERSON O E,5
ANDERSON R W,24
ANDERSON S,22
ANDERSSON E A,3
ANDREA B D,14
ANDUGAR SOUSA,3
ANKRAH C N,1
ANTONUCCI R R,6
ANYIKA M,11
APIGO A L,1
APPEL I J,29
APPINO-TABONE,1
APPLEWHITE C,2
ARAGON M J,1
ARAI S,2
ARAI W A,1
ARALERE T S,1
ARAUJO C M,2
ARENAS VELAZQ,7
ARGENT P,11
ARGUERA S M,11
ARIAS A A,1
ARIAS GONZALE,12
ARMBRUSTER R,12
ARMISTEAD K J,14
ARNOLD K A,2
ARONOVA E A,16
ARRINGTON E C,1
ARVAS A,4
ARVIZU RAMIRE,1
ARYA D J,25
ASCHE C B,12
ASHBY F G,7
ASI A,2
ASWATHANARAYA,1
ATHAYDE M A,6
ATNIP L M,4
ATWELL H R,1
ATZBERGER P J,16
AUE D H,7
AUER M E,2
AUNE A K,1
AUNG T,1
AVETISYAN Z,12
AVILA A M,1
AWADALLA C A,1
AWRAMIK S M,11
AYASSE A K,1
AYUK-ETANG E,3
AZARENKO O,8
AZZAM T,13
BABAKHANI A,1
BACIU D C,3
BADAMO H A,16
BADLEY III D,2
BAETGE N Q,1
BAEZA CINCO M,1
BAGHERI A R,1
BAGWELL J N,3
BAHAM M E,1
BAIK J,2
BAILEY C R,1
BAILEY-STEINI,1
BAILLARGEON K,34
BAKER A D,18
BAKER R R,2
BAKI H A,3
BAKO S C,1
BALDWIN J D,44
BALDWIN J I,38
BALENTS L M,5
BALKIND J M,12
BALL R C,3
BALLERINO J M,20
BALLMES V J,2
BAMBACH P A,33
BAMIEH B A,12
BANACH M,3
BANERJEE K,7
BANERJEE T,1
BANG S,2
BANKS I,6
BANTA I C,1
BAO H,2
BAO K Q,1
BAOAGUDAMU U,1
BAPAT S R,7
BARACALDO LAN,7
BARANDIARAN J,2
BARBIERI A J,18
BAREI A,2
BARLEY S R,2
BARNES D B,7
BARNETT M L,4
BARNHART J,2
BARNWELL B B,6
BARRAGE L,5
BARRAZA ALVAR,1
BARRETT T W,17
BARRY C M,2
BARTER D E,2
BARTOLINI A,2
BARVOSA E,13
BASHI TREITLE,5
BATES C M,13
BATHO D A,1
BATISTE S L,8
BATZ G,4
BAUSCH T C,2
BAX A C,1
BAYLIS K R,5
BAYRAKDARIAN,37
BAZAN G C,2
BAZERMAN C,4
BEAMAN J M,5
BEANE M I,8
BECK L M,2
BECKER M,8
BECKMAN L B,6
BEDARD K L,15
BEDROV A,2
BEGIN A L,1
BEGLEY M R,15
BELDING E M,6
BELL V R,14
BELLOMI J J,9
BELMAR VIERNE,5
BELTZ E A,29
BELTZ G,10
BEN YOUSSEF C,4
BEN-YAACOV I,20
BENELLI C A,23
BENHAIM H S,1
BENJAMIN R,29
BENKLEY D A,1
BENNAHUM D,18
BENNETT M D,1
BENNETT T D,8
BENZARTI Y C,13
BERENSTEIN D,37
BERGSTROM R E,14
BERGSTROM T C,7
BERKOWITZ P M,10
BERMUDEZ S,16
BERNARD M A,15
BERNSTEIN E K,7
BERNSTEIN H J,9
BERNSTEIN M M,3
BERNT C M,30
BEST B D,2
BEYELER M,15
BEYERLEIN I J,13
BHAVNANI K,4
BIANCHINI J A,11
BIBILASHVILI,29
BIELAK S,1
BIELBY D D,3
BIGELOW S J,9
BILDSTEN L,2
BIMBER B,13
BIRCH A,1
BIRCHENALL J,16
BIRNIR B,13
BLACKWELL K S,15
BLAES O M,10
BLAIN S M,2
BLAKE F D,15
BLANKHOLM J L,10
BLAYLOCK R,2
BLOOM P J,13
BLUMENTHAL,13
BLUMENTHAL D,11
BLUMENTHAL S,9
BLURTON H F,15
BOBO J,11
BOCCHINO A J,1
BOCHEFF M M,1
BODDY A M,18
BOE B A,3
BOGAN S N,1
BOGAR L M,1
BOGART K S,11
BOGUNOVIC M C,2
BOHN H,13
BOLIVAR J,3
BOONE R G,1
BOOTH W C,6
BORBA C R,1
BORIS E C,13
BOROWICZ L A,1
BORROMEO C,26
BORSA C,1
BORUM A K,1
BOSCAGLI M,24
BOSWELL A M,9
BOTHRA S,7
BOULEY B A,24
BOURNE J E,14
BOUWMEESTER D,11
BOWERS J E,5
BOWERS M T,12
BOWMAN I K,10
BOYLAND P,2
BRADLEY N D,17
BRADY S R,10
BRAININ R,23
BRANDT G M,1
BRANDT T D,8
BRAUNSTEIN E,3
BRECHER B H,24
BREHM L E,1
BREMSER C R,7
BRENDEL C D,1
BRENNER M E,5
BREWER F,17
BRICCETTI R E,4
BRIDGES T S,10
BRIGGS C J,22
BRIGGS N A,1
BRIGHT R,4
BRIGHTBILL J,12
BRITTON C J,6
BROWN C E,1
BROWN E,1
BROWN F L,9
BROWN J R,1
BROWN K M,2
BROWN KARA,16
BROWN M,19
BROWN M S,7
BROWNE N C,5
BROWNING R,9
BRUHN K,7
BRUICE A M,13
BRUICE P Y,1
BRUN J,3
BRUSH A M,1
BRUSUTTI A,35
BRYSK A,8
BRZEZINSKI M,4
BUCHOLTZ M H,11
BUCKWALTER J,10
BUEHNER T D,41
BUENDIA DE LL,1
BUENO C,1
BUENO CACHADI,10
BUI A T,2
BULLO F,14
BULTAN T,8
BUMBY A K,4
BUMROONGCHART,4
BUNTAINE M T,19
BURATTO S K,12
BURK K T,4
BURKEPILE D E,11
BURNES T R,3
BURRIGHT G M,2
BURSTON A S,2
BURTNER S A,1
BUSCHOR T L,1
BUSTO R V,19
BUTLER A,8
BYL K A,18
CABEZON J I,7
CABIN Z A,3
CABRANES-GRAN,14
CABRERA PEREZ,1
CAI Q,1
CALDWELL S,17
CALLAHAN R J,1
CALLISTER J,16
CAMPAGNARI C,7
CAMPAS-RIGAU,3
CAMPBELL E W,13
CAMPO J E,9
CAMPO M,20
CAMSARI K Y,10
CANET S H,2
CANTRELL A M,16
CAPETTINI E,8
CAPLAN A N,4
CARATELLI D,4
CARLETON T A,5
CARLINI A S,2
CARLISLE E W,14
CARLSON C A,17
CARLSON J A,8
CARLSON J M,11
CARLSON T A,9
CARLYLE A M,11
CARMICHAEL J,1
CARRETE A,1
CARRILLO M J,7
CARROLL T G,1
CARTER A V,13
CARTER D B,1
CARTER M L,4
CASE S H,13
CASELLE J E,1
CASILLAS D I,11
CASSELS S L,11
CASSIDY T C,10
CAST A D,16
CASTEELS K L,19
CASTELLA-CABE,11
CASTILLO J L,13
CASTILLO-MUNO,11
CASTLE R E,2
CASTRIOTTA G,2
CASTRO M M,3
CATLETT D S,1
CAVES E M,4
CAYLOR K K,15
CEDENO T H,1
CENICEROS H,20
CENICEROS R C,12
CEREZO A,5
CHABINYC M L,7
CHADA J P,24
CHADWICK O A,1
CHAFFIN B M,1
CHAGOLLA D,4
CHAJDAS T W,6
CHAMBERS R T,3
CHAMORRO J D,1
CHAN M,1
CHAN N A,1
CHANDRASEKARA,20
CHANG A Y,9
CHANG G,9
CHANG SHIYU,6
CHANG YU-CHI,2
CHANTRE M A,4
CHARITY-HUDLE,5
CHARLES M,8
CHARNESS G B,11
CHARRY J D,1
CHATTERJI A,1
CHATTO U,12
CHATTOPADHYAY,14
CHAUHAN D,1
CHAVEZ M V,4
CHAVEZ W S,5
CHAVEZ-GARCIA,12
CHAVIRA A I,1
CHEN C,3
CHEN E,9
CHEN H,10
CHEN I,5
CHEN J,11
CHEN K Y,1
CHEN MENG,3
CHEN P,1
CHEN S C,18
CHEN T,6
CHEN Y,3
CHEN ZHITAO,2
CHENEY C R,1
CHENG Y,2
CHENOWETH R C,27
CHIKMAGALUR K,1
CHIKOWERO M,22
CHILDRESS J J,4
CHILDRESS J N,1
CHIN C A,1
CHIN J,1
CHIN M,1
CHIRIKIAN O,1
CHMELKA B F,10
CHO A,11
CHO G,12
CHO J G,1
CHOI E,11
CHOW T Y,1
CHRISTMAN D M,1
CHRISTOFFERSE,27
CHRISTOPHER P,10
CHU S,3
CHU V W,11
CHUA C S,9
CIFUENTES S R,1
CISLO D J,1
CLAIRMONT III,2
CLARK J,16
CLARK L N,1
CLARKE K,6
CLARKE M E,1
CLAUSSEN N H,1
CLAVERIA A J,3
CLEGG D O,10
CLEGG M B,4
CLEMENCON R,16
CLEMENT R J,10
CLIFFORD A D,2
CLITANDRE N T,9
CLOOS C M,1
COBB N A,2
COBO BETANCOU,8
COBRA LIMA L,2
COBURN H P,1
COBURN K M,20
COFFEY EDISON,4
COGGINS B L,7
COHEN B J,7
COHEN N A,2
COKLIN L,28
COLAHAN N,28
COLBY J C,3
COLES A P,3
COLLINS N L,12
COLLINS W J,3
COMRIE B S,4
COMSTOCK J A,2
CONKLIN S L,2
CONLEY S,5
CONNER T M,4
CONRAD N C,1
CONRAD P T,22
CONROY-BEAM D,15
CONSOLI A J,6
CONSTENLA TOR,3
CONTE E A,2
CONTRERAS E,1
COOK E H,7
COOK J N,5
COOLEY T,8
COOPER D,18
CORONA K D,17
CORREA DE SA,17
CORTANA L,1
CORTES P J,1
CORTIJO A,18
COSMIDES L,12
COSTELLO C J,14
COSTIGAN T J,4
COTICH C,32
COTTER E E,17
COTTLE J,10
COVO M,16
COWANS N,4
COWHIG F Y,1
COX D D,4
COX N M,2
CRAIG K C,9
CRAIG N J,10
CRAVEIRO DE M,10
CRAWSHAW A S,5
CREMERS M H,6
CRICKETTE M E,27
CRISLER J F,3
CROUCH C Q,2
CROW E M,2
CRUZ J D,2
CSER A J,6
CSIK S,1
CULHANE K E,1
CUMMINGS C R,1
CURTIN M J,2
CURTIN M L,1
CURTY R G,1
CYKMAN N N,1
CZUCZOLA M,1
D'ANCA C,6
D'ANTONIO C M,20
DAGLI N,9
DAHL SARNELLI,27
DAHLEN G A,2
DAHLQUIST F W,4
DAI X Z,13
DALY S H,10
DAMLUJI M N,8
DANIEL R,11
DANIELS E B,1
DANNHAUSER M,1
DASGUPTA D,9
DAUM K L,1
DAVID J S,1
DAVIES M E,4
DAVIS F W,9
DAVIS N W,1
DAVIS S L,2
DAVISON R J,10
DAY F J,3
DE ALMEIDA A,1
DE BRITO E SO,16
DE CARVALHO L,13
DE CHAISEMART,6
DE FRUTOS GAR,3
DE JONG M T,10
DE LA PENA M,1
DE SILVA N B,2
DE SIMONE T,25
DE TOMASO A W,17
DEAN C W,20
DEANGELO G M,2
DEBRUHL B E,1
DELCHEVA M P,10
DELGADO HELLE,3
DELOMBARD J M,12
DENAUD E T,1
DENBAARS S P,8
DENG Z,1
DERAKHSHANI D,1
DERWIN S,14
DESCHENES O,11
DESGENS-MARTI,1
DESHMUKH R A,11
DESLIPPE P R,4
DESPAIN C D,1
DETERING N,9
DEVOTO S A,3
DEVOY M A,4
DEVRIES M S,16
DEVRIES T J,10
DEWAR T J,5
DEXTER TORTI,1
DEY S S,12
DIAZ-SANCHEZ,11
DIB N,1
DICKEY K M,2
DICKSTEIN J H,3
DIGESER E D,13
DIGESER P,6
DING Q,12
DING YUFEI,9
DIXON A L,1
DIZEREGA L A,1
DJOUINI I,8
DO K N,2
DODGE S,8
DOGIC Z,9
DOHERTY M F,12
DOIRON F D,5
DONELAN J H,30
DONG X,5
DONNELLY B,34
DORNAN N N,1
DOUGLAS P L,3
DOUGLASS J H,10
DOUGLASTAVANI,1
DOWDY E T,4
DOWDY K L,7
DOWNING M E,1
DOYLE A M,5
DOYLE T,2
DOZIER J C,1
DRESSAIRE E M,11
DRIAN J L,2
DRISKEL D B,9
DROGE A M,3
DU BOIS J W,11
DU Z,1
DUAN J,2
DUAN S,4
DUCHESNE-PECK,1
DUCK W,2
DUCKLER H J,2
DUDLEY T L,1
DUDNEY J C,1
DUFFY A E,22
DUGAN J E,1
DUNBAR N E,15
DUNCAN I,16
DUNCAN J E,7
DUNN F M,13
DUNNE S C,4
DUOER D,6
DUPLESSIS R J,3
DUQUE J D,34
DURAN R P,10
DURKIN K,1
DUTSCH D,8
DYCK K V,2
EARDLEY D M,10
EBEN J P,2
EBENSTEIN A O,16
EBRAHIM E,9
ECKSTEIN M P,15
EDERER E B,1
EDGAR A L,13
EDWARDS A L,4
EDWARDS J A,1
EGECIOGLU O,4
EIERS W J,1
EILON Z C,10
EK A A,9
EKSTROM L,1
EL ABBADI A,11
EL OMARI R M,13
EL-SOUSSI M H,4
ELCHEIKHALI M,1
ELDRIDGE R B,1
ELIASON PARSO,16
ELISON W N,15
ELIZONDO E S,14
ELLIOTT G,10
ELLIS B D,2
ELSAYED S H,1
ELSHAFIY A,2
ELTAWIL N A,1
ELWELL K,3
EMRE M,4
ENDERS J,16
ENGART H S,1
ENGEL E A,6
ENGLISH E D,3
ENOCH M,2
ENTESHARI F,4
EPELBAUM D P,1
ERDMAN C S,2
ERICKSON B L,17
ERICKSON E A,4
ERNST B C,26
ESCOLANO MARI,2
ESLAMI RASEKH,1
ESPONDA I,17
ESTABROOK J A,1
ETTENBERG A,1
EVANS M M,6
EVANS M U,4
EVANSTEIN E K,1
EVELYN C J,10
EVEN T J,43
EVERETT A,4
EVERETT C J,4
EXFORD J L,2
EYELADE O D,6
EYSTER E,13
EZKERRA VEGAS,25
FACCANI O,1
FAELDONEA C F,1
FAESSEL V A,2
FAHLER M V,2
FALASCA S,12
FALLAS A,1
FALVEY K T,17
FANCHER P J,19
FANG C,5
FANTON M R,3
FARRANT D N,1
FARRELL R M,4
FATHI S,1
FAUST J M,1
FAUST M R,3
FAWCETT A Z,1
FEASEL S H,2
FEDDERS A,27
FEINSTEIN S C,12
FEIZMOHAMMADP,34
FELANDO C L,25
FELBER J,26
FELDMAN D B,1
FELDMAN J E,5
FELDMAN R,23
FELDMAN R H,4
FELDWINN D L,21
FELIX E D,10
FENG J L,1
FENG Y,1
FENG YU,12
FENRICH E B,4
FERAUD M,2
FERNANDEZ L,4
FERNANDEZ M,3
FERNANDEZ P A,10
FESTA E,10
FIDDLER M B,2
FIELDS K,11
FIELDS KEN,1
FIELDS-MEYER,1
FIGUEREDO O O,5
FINE J C,1
FINKELSTEIN R,20
FINN E C,2
FINNEY S,8
FIORINA C P,26
FISCHER J P,3
FISHELL J K,27
FISHER M A,2
FISHER M P,9
FISHER N,1
FISHER R J,1
FISHER S K,1
FISHMAN A D,4
FITCH R L,6
FLANAGIN A J,21
FLATLEY D J,9
FLEMING W,13
FLETCHER B J,1
FLEURY I M,1
FLORES I,1
FLOWERS N Z,4
FLUHMAN J S,2
FOGU C,15
FOLK-FARBER K,1
FOLTZ K R,27
FONTAINE D O,1
FONTAINE S A,5
FORAN J F,23
FORBES E S,2
FORD A,3
FORD K C,6
FORD P C,12
FORE M R,3
FORMAN J D,1
FOUQUE J-P,7
FOX E C,1
FOX M S,2
FRANITZA M C,1
FRANK D M,30
FRANKS A,14
FRECH H E,12
FREDRICKSON G,5
FREE C,1
FREEBURG S,1
FREEBURG S A,2
FREEDMAN R A,4
FREEMAN L A,14
FREUND E G,27
FREW J E,16
FRIDLUND A J,7
FRIED B J,2
FRIEDKIN N E,3
FRIEDMAN U D,1
FRODESEN J M,3
FROEHLICH H E,10
FROST G A,1
FRUHSTUCK S,17
FRYBERGER P D,1
FRYER S,1
FUENTES F X,1
FUJINO D C,9
FULBECK L K,16
FULKERSON S D,39
FULLAGER T K,1
FUMERTON M P,14
FYGENSON D K,23
GABLE S,6
GABRIEL V,17
GABRIELE G F,13
GABRIELSON C,2
GAGNON E,1
GAINER M J,50
GAINES S,17
GALAZ-GARCIA,1
GALICIA M G,4
GALISKY J A,4
GALLUCCI R,55
GAMARNIK D,1
GAMBLE L H,2
GAMELIN B L,2
GANS P B,8
GANTI N K,10
GARBER A C,1
GARBER N A,1
GARCIA DAHAN,6
GARCIA GONZAL,2
GARCIA K,6
GARCIA M,4
GARCIA M T,6
GARCIA S,11
GARCIA-CERVER,11
GARCIA-MARTIN,6
GARDNER B M,7
GARDNER C,14
GARDNER H K,19
GARFIELD P M,22
GARFINKLE C G,12
GARIBALDI H E,1
GARR W R,10
GARRATT R J,9
GAULIN S J,19
GAUTIER C H,1
GAYEN M R,4
GAZZANIGA M,5
GEE Q P,3
GELBART B J,1
GELLER R M,32
GENENS D W,1
GENOVA G L,27
GERMAN T C M,16
GERSON S M,1
GEYER R,27
GHOSAL A,2
GHOSH B,7
GIAMBONI G,1
GIANOLA D S,11
GIBBS J L,18
GIBBS W C,1
GIBOU F G,10
GIBSON J D,9
GIBSON S E,14
GIDDING A D,7
GIDDINGS S B,8
GIESBRECHT B,10
GIESSINGER E,4
GILBERT J R,8
GILES H,4
GILES M N,4
GILLILAND K L,4
GILMORE T B,12
GLASSOW M A,1
GLOVER Y H,15
GOARD M,18
GODDARD E L,2
GODDARD T U,6
GOFFARD P M,1
GOLDSTEIN S H,2
GOLUBOVIC N,1
GOMEZ D M,3
GOMEZ J P,3
GOMEZ Y,1
GONZALES A L,17
GONZALES G G,1
GONZALES-SMIT,28
GONZALEZ I N,1
GONZALEZ J C,1
GONZALEZ J H,1
GONZALEZ NINO,21
GONZALEZ T A,4
GOOD F E,1
GOODEARL K,11
GOODWIN J W,10
GOPALAN G,7
GORDON A F,4
GORDON M J,17
GORDON M K,13
GORDON R W,1
GOTO E A,1
GOTTFRIED M A,2
GOUGH J D,3
GOULIAS K,14
GRABOVSKY D J,1
GRAFTON S T,4
GRASSET MOREL,18
GRAVES G R,5
GRAY J L,5
GRAY S M,19
GREATHOUSE J,4
GRECO A L,3
GREENE A R,2
GREENE B L,8
GREGO MARCH C,1
GRIBBLE J W,8
GRIES S T,8
GRIESSBAUM N,3
GRIFFIN A R,7
GRIFFITH B J,5
GRIFFITH D K,4
GRIMES N G,1
GRIPPO J R,13
GROSS M E,3
GROSS S L,8
GROVER S R,32
GRUE M N,8
GU M,11
GUAN D,19
GUAN M,1
GUHA P,2
GUILLIAMS C M,2
GUIRGUIS C M,1
GUO QIHENG,3
GUPTA A,11
GUPTA T,10
GURUSWAMY S,11
GURVEN M D,12
GUTIERREZ-MAG,13
GUTMAN K L,1
GUYTON ACOSTA,32
HABER B W,6
HACKER B R,4
HAI J,1
HAI Y,8
HAIDER J E,1
HAJDA J M,8
HAJJAR L,11
HAJOUJI N,15
HALL A J,1
HALL M M,1
HALMRAST D M,5
HALPERN B S,4
HAMAD S,1
HAMBLETON E J,3
HAMED-TROYANS,8
HAMILTON K A,15
HAMILTON N C,5
HAMMER L M,24
HAN SONGI,15
HANCOCK M E,2
HANEIN D,1
HANNAH L J,2
HANSCHMANN J,1
HANSEN G S,7
HANSEN K D,1
HANSER M F,11
HANSIA A D,2
HANSIA M S,4
HANSMA P K,1
HANSON J L,25
HARBER J J,1
HARDEKOPF B C,11
HARDESTY MOOR,8
HARLOW D B,25
HARMON C J,40
HARRICHHAUSEN,1
HARRIS D R,9
HARRIS O,3
HARRIS S Y,4
HARRIS-GAVIN,2
HARRIS-MOORE,18
HARRISON L S,2
HARTER J W,12
HARTHORN B H,8
HARTMAN J L,26
HARUTYUNYAN D,15
HARVEY V A,12
HASHIMOTO K,5
HASTINGS S P,4
HATCHER K L,36
HAUGHIN C A,2
HAUGHTON C N,5
HAWKER C J,12
HAWKES E W,11
HAYDEN N,5
HAYES C S,22
HAYNE R M,1
HAYNES R M,7
HAYTON T W,17
HE C,1
HE J,7
HEBDIGE R W,7
HECHT R,15
HEGARTY M,8
HEILBRON A P,4
HEILMAYR R F,12
HEINRICH S E,1
HEINTZ M A,2
HELGESON M E,10
HELLIER-TINOC,8
HENDERSON A M,1
HENDERSON G L,2
HENDERSON J G,23
HENDERSON O G,1
HENNAWI J F,4
HERNANDEZ E D,18
HERRERA D J,17
HERTLER P R,1
HESPANHA J P,15
HEY M V,18
HIEBERT L S,1
HIGGINS V B,1
HILLEN P K,1
HILLIS G A,36
HILTNER K C,40
HIRSCH M,4
HIRSCH S A,22
HIXSON M L,3
HOBBS-MORGAN,18
HOCK M A,4
HODGES H E,5
HODGES S A,10
HOELLE J A,14
HOERBERG D L,4
HOFMANN G E,16
HOFMANN M J,23
HOGENSON L A,1
HOLBROOK S J,10
HOLCOMB S J,8
HOLDEN P A,13
HOLDEN T,1
HOLDEN T A,12
HOLDREGE B A,11
HOLDREN N R,11
HOLGUIN A,3
HOLLERER T,20
HOLMAN A C,6
HOLMES D E,16
HOLMES T J,1
HOLT J,6
HOLTON J D,8
HOM S M,13
HONG C,1
HOPKINS A C,1
HOPP F R,1
HOPPER J T,1
HOROWITZ E J,6
HOROWITZ G,7
HORST A M,10
HOU L Y,14
HOUGH K C,16
HOWELL D A,4
HSU C-C,18
HSU S J,12
HU M,1
HU R,8
HU S B,1
HU T,1
HUANG JINXI,1
HUANG YU,15
HUBER C F,4
HUGHES D L,1
HUISGEN-ZIMME,9
HUK P M,29
HULME J L,24
HUMPHREY S F,2
HUNNICUTT P L,4
HURTADO A,3
HUSTON V G,39
HUYNH-TRAN K,1
HWANG S,3
ICHIBA T,14
IGLESIAS-RODR,9
IGNON M E,7
IHLENDORF BUR,3
IHM E D,13
IKEUCHI S,8
IMMEL B A,1
INGHAM R J,7
INNES-GOLD S,1
IOANNIDES M J,3
ISRAEL T,8
ISUKAPALLI Y,25
ITO R A,2
IUM M H,2
JACK B K,22
JACK M Z,2
JACKS W A,1
JACKSON M G,8
JACKSON W E,21
JACOB W B,6
JACOBS E,10
JACOBS J M,11
JACOBS J P,7
JACOBS R E,11
JACOBSON L,11
JACQUES G F,7
JAEGER L A,13
JAHNKE A,3
JAMES A K,11
JAMES A M,2
JAMESON-ELLSM,2
JAMIESON A E,37
JAMMALAMADAKA,12
JAN K L,3
JANEE G A,1
JANES L,2
JANG J,1
JANOWICZ K W,8
JANSON M A,1
JANUSONIS S,11
JAQUA K M,2
JARAMILLO N,1
JARRETT G C,26
JASECHKO S A,13
JASKIEWICZ A,7
JAYICH A M,11
JAYICH ANIA,8
JENKINS C L,33
JENSEN A K,12
JENSEN A M,3
JENSEN S J,1
JEONG H,2
JERDE C L,2
JEVBRATT L V,7
JI C,10
JI X,1
JIANG L,2
JIANG X,5
JIMENEZ CHAVE,3
JIMERSON S R,19
JIN C,7
JIN Y,1
JIN Z,1
JIVRAJANI A,1
JOB M,1
JOHNS J W,2
JOHNSON A Y,1
JOHNSON AMRAH,5
JOHNSON G B,7
JOHNSON J A,3
JOHNSON J K,26
JOHNSON J M,2
JOHNSON J R,2
JOHNSON JULIE,2
JOHNSON M J,2
JOHNSON N,2
JOHNSON N R,1
JONES B,1
JONES C,13
JONES C E,3
JOSEPH C A,17
JOSEPH N,1
JOSHI P M,7
JOSTES J C,2
JOURNEY A N,1
JUE M C,14
JUERGENSMEYER,7
JULLIEN D M,9
JURKOWSKI N W,35
KACZMAREK A R,1
KAGAN-MOORE H,1
KAHN K,19
KALE S K,2
KALMAN L,5
KAM J A,12
KAMAL-HEIKMAN,8
KAMANDY M,3
KAMMEYER C L,1
KAO Y,1
KAPLAN A K,1
KAPLAN C S,11
KAPLAN R E,1
KAPLAN S C,22
KARVELAS B A,3
KASOWSKI J M,1
KASSNER N M,1
KATSIKA A,9
KATZ B N,1
KATZ D H,25
KATZ I T,1
KATZ T S,2
KAUFFMAN M E,15
KAVON C D,5
KAWAI A,1
KAYAL S,1
KAYLOR S M,2
KAYSEN B J,7
KEARNEY J J,19
KEIFLIN R P,11
KELEHER A,4
KELLER A A,25
KELLER E A,14
KELLETT I A,1
KENDALL B E,14
KENNEDY R A,25
KENNETT D J,11
KENNON A M,2
KESSLER K E,4
KEUM T,10
KEYNEJAD N,1
KEYNEJAD N P,2
KEZHAYA A M,1
KHAIRALLAH S,1
KHARITONOVA Y,16
KHOSHBIN M,1
KHOURY N N,5
KHUC T T,1
KIA-KEATING M,3
KIBLER C L,1
KILEY J T,2
KILLEEN S M,1
KIM B,6
KIM H S,18
KIM HAEWON,1
KIM HYUN-JUNG,6
KIM K,1
KIM L,8
KIM S,8
KIM Y,2
KIM YEWEON,1
KIM YOUNG JI,11
KIMBALL G R,2
KIME S L,1
KING  J L K,3
KING B K,1
KING D A,4
KING J L,4
KING J Y,9
KING R S,6
KING S L,1
KING W D,14
KING Z T,1
KIPPIN T E,14
KIRKBY J M,2
KIRKWOOD G L,4
KIRTMAN B,7
KISLENKO N,39
KITTLER W D,15
KLAMKIN J,9
KLAR T S,1
KLEIN D S,1
KLEIN S B,17
KLEMANN D T,2
KLING T P,1
KLOETZEL J M,16
KLOKE J,6
KLOPE M M,1
KNIGHT K T,3
KOC C K,3
KOENIG R J,6
KOHLER K M,3
KOKINIS T A,9
KOLSTAD C D,4
KOMMERELL G,13
KONTTINEN O R,1
KOPECKY K L,2
KORATTI CHENG,4
KORMAN D Z,16
KORNBERG D N,11
KOSIK K S,11
KOSZEGI G K,1
KOTH M K,5
KOUTROULAKIS,20
KOVACS P H,3
KOZAL L C,1
KOZERAWSKI J,5
KRAMER S A,2
KRASKURA K,2
KRAUSE P A,3
KRETZ D,3
KRINTZ C,9
KRISHNAMOORTH,4
KRISTIANSEN K,11
KROP L J,4
KRUEGEL C I,7
KRUKOWSKI J P,4
KRUT R M,21
KRUVAND M,13
KRYDER E A,12
KUCHERA-MORIN,9
KUHN P J,16
KUHN W,3
KULKARNI S S,1
KULPER D E,24
KUMAR A U,1
KUMAR S L,10
KUNAK E,30
KUNDU M,6
KUNKEL B M,1
KURGAN S,2
KURIN D S,12
KURIS A M,21
KUZIN M,61
KYLER B E,1
KYRATZIS A,24
LABARRE J,2
LABATUT M A,22
LABUTIN D A,28
LAGUETTE S W,4
LAHIRI S,3
LAI K,1
LAMARTINE N C,31
LAMB R C,2
LAMBERT A M,1
LAMBERT R,16
LAMBERT S K,1
LAMON S E,2
LANAHAN-KALIS,2
LANDE E S,3
LANDFIELD K M,1
LANDRY T B,3
LANDSTROM E B,1
LANE D S,14
LANE K V,1
LANE S S,1
LANSING C L,12
LANUZA Y R,3
LAPATE R C,3
LAREZ N A,1
LARIMIAN S,1
LARIOS CARDEN,1
LARRA?AGA K D,1
LARRAAGA K D,1
LARRANAGA K D,2
LARSEN A E,23
LARUE R J,14
LASHMET A J,17
LASSWELL S E,2
LATTO J G,23
LAU Q,3
LAURENT-PERRA,7
LAVERMAN L E,11
LAWRENCE E J,1
LAWRIE S I,1
LAWSON A P,4
LAWSON D W,18
LEA D W,12
LEACH R K,4
LEACH T S,1
LEANO J E,2
LEAPER L,1
LEARMAN R R,2
LEBRUN A S,7
LEE H,12
LEE HYEONGSEO,1
LEE J S,22
LEE J W,10
LEE M,1
LEE M H,1
LEE M J,2
LEE S,1
LEE W A,35
LEE Y,2
LEE YU-HSUAN,1
LEGRADY G T,11
LEHMAN K E,1
LEN S M,1
LENIHAN H S,14
LEOMBRUNI L V,8
LEONARDI P M,8
LEPISSIER A M,1
LEQUESNE T F,1
LERNER M K,1
LESLIE S M,1
LEVENTI M,1
LEVI C G,5
LEVINE S,1
LEVY B R,10
LEW G J,15
LEW Z J,1
LEWALLEN A,9
LEWIN B A,8
LEWIN R J,2
LEWIS J D,3
LEWIS K,5
LEWIS R B,29
LEZRA E M,12
LI B,3
LI C Y,1
LI G,3
LI LEI,4
LI P,8
LI T,1
LI X,17
LI XIANG,1
LI ZHIJIAN,12
LIAO B,11
LIBERMAN Z E,12
LICHTENSTEI N,4
LIEN P,19
LIM G,15
LIM S,3
LIN HUIJIA,1
LIN Q,9
LIN SHIXING,2
LINDHEIM S H,16
LINDSAY R B,2
LINK R A,4
LINLEY S C,2
LINZ D G,22
LIPMAN E A,19
LIPPINCOTT W,5
LIPSHUTZ B H,22
LIPSITZ G R,1
LISIECKI L E,15
LITTLE R D,11
LIU A Y,13
LIU D,4
LIU M,3
LIU N,2
LIU ROBIN,1
LIU W,1
LIU Z,11
LMAIFI M,6
LOAICIGA H,22
LOE-STERPHONE,2
LOHWASSER K,11
LOKE S,3
LOKSHTANOV D,11
LOMAX D,2
LOMBARDINO M,2
LOMELI F A,1
LONERGAN C A,2
LONG D D,9
LONG R W,2
LOPATKO E,2
LOPEZ A,2
LOPEZ A N,4
LOPEZ C,4
LOPEZ VERA A,3
LOPEZ-ALVES F,2
LOPEZ-CARR D,11
LORIN DE LA G,1
LOSTER D R,2
LOUIS M R,9
LOVE N L,1
LOVE-ANDEREGG,6
LOVELL J M,2
LOVELY K R,1
LOVERING J,2
LOVETT D W,20
LOVETT L,1
LOVING LICHTE,1
LOW D A,9
LOW S H,30
LOWAN-TRUDEAU,1
LOWELL J F,7
LU D,1
LU Y,1
LUBIN P,16
LUDKOVSKI M,10
LUDWIG A W,7
LUKAS A V,7
LUMBRERAS M,5
LUNA J M,1
LUNA Z T,7
LUNDBERG S J,10
LUNSFORD K J,8
LUO X,10
LUPI J P,17
LUZZATTO-FEGI,14
LYONS C D,1
LYONS M M,8
LYTLE T J,7
MA D,17
MA Y,2
MA YUEYUAN,2
MAAR H R,1
MACARIO H,3
MACDONALD A J,7
MACDONALD F A,13
MACGILLIVRAY,6
MACHARIA C W,3
MACIAS R,7
MACINTYRE S,13
MACKIE D M,9
MACLEAN R B,15
MACMAHON C M,1
MADHOW U,11
MAHAN M J,13
MAHDAVI P,13
MAHERAS A L,1
MAHOWALD K A,3
MAIER D J,1
MAIER J A,2
MAITY S,1
MAJEWSKI J D,8
MAJOR B N,7
MALDONADO FAB,1
MALDONADO J K,13
MALEUVRE D,12
MALHOTRA A,9
MALLOY C J,2
MALONE H S,2
MALVINNI D,11
MANCA G,2
MANCINI D G,1
MANIN F,9
MANISCALCO M,1
MANJUNATH B S,9
MANOUDAKI N,1
MANSKI B R,2
MANSOUR O,2
MARCHANT E A,2
MARCHETTI M,9
MARCOULIDES G,11
MARCUS S L,26
MARCUSE H,11
MARDEN J R,12
MARINA M M,8
MARINO W F,1
MARKS T G,8
MAROLF D M,6
MARQUES GARCI,2
MARQUES-PASCU,127
MARQUIS S M,1
MARSANO V L,3
MARSHALL K,15
MARTELLA A M,1
MARTIN C L,9
MARTIN D,2
MARTIN J A,18
MARTIN MINANA,1
MARTINEZ A A,3
MARTINS N C,5
MARTINS RODRI,2
MARTINS SILVA,5
MARZBAN E P,3
MASANET E R,15
MASLAN M J,12
MASON E J,10
MASSIE E K,5
MASSIE J L,2
MASTERSON D T,8
MASTRO D E,6
MATNI Z A,38
MATOZA R S,12
MATTHYS E F,5
MAUL A E,14
MAVRAKIS L J,2
MAYER C,7
MAYER R E,10
MAYES B J,1
MAYS K C,4
MAZANEC T J,23
MAZAROLI D N,3
MAZER S J,18
MAZIN B A,11
MAZUR A P,3
MAZZA R,2
MCALLISTER L,1
MCALPIN-LEVIT,2
MCAULEY C,12
MCBRIEN K M,3
MCCAMMOND J P,4
MCCANTS K A,7
MCCARTHY C R,32
MCCAULEY D J,6
MCCLAIN K L,30
MCCLELLAND-CO,2
MCCLURE S B,16
MCCRACKEN E,4
MCCRACKEN L M,2
MCCRAY W P,12
MCDONALD K L,12
MCFADDEN J P,11
MCFARLAND E W,14
MCGRATH A J,3
MCGRATH G P,2
MCHUGH P,29
MCINTOSH D G,2
MCKEE K D,4
MCKENZIE N,1
MCKINNEY D R,4
MCKIRAHAN R D,7
MCLAUGHLIN J,2
MCLELLAN L,29
MCLEMORE E L,11
MCLEOD C N,2
MCMAHON C A,3
MCMAHON C S,5
MCMEEKING R M,5
MCMURTREY M J,7
MCNAMARA J P,19
MCNIFF A C,2
MCQUILKIN C R,2
MEADOW M A,12
MEDINA A,3
MEDINA R W,8
MEDRI E E,1
MEHRZADFAR H,1
MEHTA A S,8
MEHTA D M,1
MEIBURG E H,6
MEIER V C,2
MEINHART C,17
MEIRING W,14
MEJIA BECERRA,1
MELACK J M,7
MELNICK R D,11
MELTON M A,4
MENA H P,27
MENARD G,12
MENDES BRAGA,5
MENDEZ MURILL,1
MENDEZ S C,10
MENDOZA D,3
MENDOZA M D,2
MENG K C,16
MERK M W,1
MERKL K E,2
MERMELSTEIN S,3
MEROLLA A J,16
MESROP L Y,1
MESSNER M S,2
METIU H I,11
METZGER M J,17
MEUNIER M M,23
MEYER M N,6
MEYER-GUTBROD,1
MEYR J E,4
MEZIC I,7
MIELE I,5
MIESCHER S F,11
MIGLIO V G,14
MIKAYELYAN H,1
MILDENBERGER,17
MILEM J F,2
MILES-HERCULE,1
MILJANICH C P,2
MILLAR-BLANCH,5
MILLER J B,4
MILLER J E,2
MILLER K M,6
MILLER M B,4
MILLER M J,1
MILLER R J,4
MILLER-LIKHET,2
MILLER-YOUNG,8
MILLETT K C,1
MILLNER A M,10
MINER M A,3
MINOR R H,5
MIOLANE N,6
MIRACLE J W,1
MIRELES M A,1
MIRZA D,20
MIRZAEI M,2
MISHRA U,12
MISRA N,3
MITCHELL G M,23
MITCHELL S T,1
MITHUN M,14
MITTELSTET A,3
MIZRAHI J L,12
MOAK D,33
MOCK M U,1
MOEHLIS J M,17
MOELLER H V,24
MOERSCHEL J A,17
MOHAN A,2
MOKRISKI D A,11
MOLANDER M A,2
MOLINA-ROGERS,3
MONAHAN L,6
MONDRAGON D M,2
MONROE S L,2
MONTAGUE D K,6
MONTELL C,13
MONTELL D J,20
MONTELLO D R,13
MONTINI T L,1
MOODY G A,13
MOORE J,26
MOORE J S,4
MOORE K,1
MOORE K A,5
MOORE K C,1
MOORE K E,1
MOORE K M,10
MOOSBRUGGER L,9
MORA E G,3
MORAGA C L,6
MORALES C T,3
MORALES H L,8
MORALES N,1
MORAN A S,23
MOREIRA V S,1
MOREJON C,2
MORELL K D,10
MORELL SALCED,1
MORENO CAMPOS,11
MORENO PLASCE,1
MORET S L,14
MORGAN M,25
MORGAN M L,12
MORGENSTERN T,1
MORLAND P,4
MORRIS N S,24
MORRIS S C,1
MORRISON D R,16
MORRISSEY M A,5
MORSE D E,3
MORSE J C,9
MORSTEIN-MARX,13
MORTON C,7
MORTON D N,1
MOSELEY D,37
MOSER A C,1
MOSER C H,16
MOSKOVITS M,4
MOSKOWITZ R A,1
MOSTOFI Y C,8
MOULTON S M,17
MOUMINOUX C,3
MOUTI S,11
MOVSESIAN H,12
MOXLEY C M,4
MRAZEK A J,1
MRAZEK M D,1
MUIR C F,1
MUKHERJEE ARN,13
MUKHERJEE K,3
MUKHERJEE S,3
MULFINGER J,13
MULLATH MOHAM,10
MULLEN J O,16
MULLER E B,1
MULLIN C D,1
MULLIN C R,13
MULLIN D I,18
MUNASINGHE A,2
MUNK E N,4
MURGIDA L J,8
MURNANE E H,5
MURRAY A,8
MURRAY D A,1
MURTI-HALI D,8
MURUAMENDIARA,6
MUZAMMAL M,2
MYERS J,2
MYERS K K,15
MYERS P M,3
MYUNG JIYOUN,4
NABI R L,19
NADLER R,15
NAGY A,14
NAKAMURA J C,22
NALL C M,17
NARANG N,6
NASH D,1
NATHAN J S,46
NAUGHTON S J,1
NAVICK N,2
NAYAK C V,4
NEDERVEEN PIE,11
NEDJAT-HAIEM,2
NEIDLINGER J,4
NELSON H,6
NELSON T A,1
NERELLA T,6
NERSTAD E L,3
NESBIT D M,4
NESCI C,13
NEWBERRY K S,3
NEWFIELD C J,5
NGO H N,1
NGUYEN A T,38
NGUYEN D,1
NGUYEN H-A T,1
NGUYEN T T,18
NHAN D Q,1
NI Y,2
NICHOLS A M,1
NICHOLS J N,1
NICHOLS L H,2
NICOLAESCU A,17
NIDZIEKO N J,14
NIEHUSEN K P,3
NIELSEN E S,20
NINH E K,11
NOE S J,1
NOGUERA J M,2
NOI A,1
NOI E,5
NORRIS A,11
NORRIS L F,2
NORTH M F,2
NORTH R H,14
NORTON P R,1
NOURIZADEH S,5
NOVAK D E,8
NOVAK M J,28
NOWAK J J,7
NOWICKI S,2
NYLUND K L,13
O'CONNOR A M,12
O'HARA C C,3
O'HARA J D,2
O'MALLEY M A,7
OAKLEY T H,17
OAKS L M,11
OCAMPO C,1
OCHOA F J,1
OFFERT F,16
OGBECHIE S O,14
OGRAIN C M,29
OH S P,7
OH SANG-YUN,15
OKAMOTO Y,8
OLARTE T M,1
OLGUIN B V,17
OLGUIN MARTIN,4
OLIVEIRA J P,1
OLIVER E V,7
OLIVER R Y,2
ONAKADO M,10
OONO R,27
OPREA R D,10
ORDONEZ O,1
ORLANDO M D,31
ORME-STONE C,1
ORNELAS A,1
ORR D A,1
ORTIZ A,10
ORTOSKY L E,2
ORZEL C H,4
OSBORNE G,2
OSQUEEZADEH B,7
OSUNA A R,1
OTA K H,1
OTMAR C D,3
OVERTON K K,1
OXELSON E M,11
OZUNA C S,2
PABLO S R,1
PACHECO R,9
PADILLA D Y,3
PADILLA GONZA,1
PADILLA M,1
PADILLA-GARCI,3
PADULA V,25
PAGE H M,2
PAJAK A K,20
PAKRAVAN S,1
PALLADINO J N,1
PALLAPROLU A,1
PALMSTROM C J,12
PAN J,9
PANDYA S P,16
PAPADAKIS V,1
PAPOLIYAZDI A,1
PARDO GAVIRIA,2
PAREDES-RIVER,1
PARHAMI B,12
PARIKH S,4
PARISON A L,3
PARK I W,1
PARK J,8
PARK J S W,16
PARK L S,3
PARK M,2
PARK S,10
PARK SIHWA,1
PARKER C S,3
PARKER E T,19
PARKER M,4
PARKER N A,1
PARKS L A,6
PARKS M M,2
PARRA M A,2
PARRISH C R,1
PARTHASARATHY,1
PARTOANDAZAN,2
PATEL P P,1
PATTERSON D S,10
PATTERSON K A,22
PATTERSON K V,4
PATTONE C F,9
PAUL C,17
PAUL D C,14
PAYNE T A,1
PEACH K,1
PEDARSANI R,12
PEDERSEN H W,20
PELJHAN M,5
PELLOW D N,8
PENABELLA M A,4
PENLEY C,10
PENNATHUR S,13
PENNER K M,1
PENNEY D J,1
PENNINGTON H,1
PENSERINI B D,1
PEREZ E,13
PEREZ TORRES,2
PERKINS C,3
PERRONE D,9
PERRONE G,11
PETERS G W,8
PETERS J R,1
PETERS S L,2
PETERSEN A M,2
PETERSON C L,1
PETERSON S,3
PETRO G,1
PETRO G Z,3
PETRO P S,6
PETTERSSON PE,4
PETTUS T R,17
PETZOLD L,20
PHILLIPS A A,1
PHILLIPS D W,2
PHILLIPS M E,35
PHILLIPS N W,3
PIERCE A M,3
PIERCE K T,17
PIERCE S G,6
PILAFIAN C,9
PINCUS P A,6
PINHEIRO DE O,2
PITENIS A A,9
PIZANO N K,1
PLANE A M,11
PLANTINGA A,21
PLASENCIA M,2
PLAXCO K W,9
PLUDOW B A,1
POLATIS K N,1
POLLOCK T M,3
PONCE G,16
POOLE S J,5
POOT-HERRERA,13
POPESCU P F,70
PORTER M J,27
PORTER S M,11
POTOSKI M,16
POTTER W J,12
POWERS R T,8
PRENTICE WALZ,2
PRESS C M,14
PRICE S P,16
PRIETO E,18
PRIVITERA-JOH,1
PROPEN A D,8
PROULX S R,15
PRUITT B,6
PRUITT J N,1
PU J P,1
PUENTE M,1
PUGMIRE J E,1
PULVER S,8
PUTINAR M,13
PYE L,9
QI L,2
QIN C Z,18
QIN YAO,1
QUEVEDO A M,1
QUICK J D,1
QUILLIEN T E,2
QUINTANA A C,1
QUIRK M P,6
QUIROS W,4
RACINE P E,1
RADDE H D,1
RADEMACHER S,1
RADFORD A,7
RADNA R,9
RAGHU P,1
RALEY R M,12
RAMBELLI F,23
RAMIEREZ J F,1
RAMIREZ AMARA,1
RAMIREZ B E,2
RAMIREZ E M,1
RAMIREZ MENDE,1
RAMIREZ N M,1
RAMIREZ RESTR,1
RAMIREZ Y,1
RAMOS M,1
RANA S,14
RAPOSO E,3
RAPPAPORT E D,10
RARESHIDE E,5
RATNER K G,11
RAVAT U V,9
RAVEN M R,14
RAWLINGS J B,10
RAYCHAWDHURI,2
RAYMOND E,38
RAYMOND G,11
RAZEK R D,1
RAZIZADEH N,2
RAZOR S,3
READ DE ALANI,16
REBICH S R,5
REDDICK B,1
REDER E R,25
REESE B E,9
REEVE D J,20
REHNBERG N M,6
REICH N O,22
REID B T,1
REID S A,19
REID S C,1
REIMER N,2
REITZ Z L,1
RENUKA BALAKR,1
RESNICK E F,4
RESTREPO I C,2
REYES E R,2
REYES M A,1
REYNOLDS D F,17
RIAZI T,16
RICCI F,1
RICE A M,3
RICE R E,12
RICHARDSON C,7
RICHARDSON M,11
RICHMAN J D,10
RIEDMAN L A,1
RIGHTMIRE S R,7
RINN D W,1
RIOS R M,21
RIOS V M,7
RIOUX M E,25
RITTER G,2
RIVAS J M,1
ROA D E,1
ROADS C,16
ROBBINS M J,3
ROBERTS C K,1
ROBERTS D A,9
ROBERTS L S,15
ROBERTS S A,19
ROBERTS S C,24
ROBERTSON J L,11
ROBERTSON T,15
ROBINSON M A,1
ROBINSON S L,1
ROBINSON W I,15
ROCHAT M J,3
RODRIGUEZ C H,15
RODRIGUEZ E J,4
RODRIGUEZ VEG,3
RODRIGUEZ-VIL,3
RODWELL M J,15
ROEHRICH B W,1
ROEPE M W,3
ROGERS P G,1
ROGERS P M,8
ROHRER K A,4
ROMINE J T,2
ROMO L F,3
RONEY J R,10
ROOSE H M,13
ROSE K,12
ROSE M A,2
ROSEDAHL L A,2
ROSES LABRADA,1
ROSS ALTARAC,8
ROSS E G,5
ROTHFARB L A,7
ROTHMAN J H,17
ROTTNER R M,12
ROY M J,1
ROYER H N,13
RUDNICK R L,14
RUDNICKI S,1
RUDOLPH A K,1
RUIZ T D,21
RUNKEVICH Y,1
RUPERT P,13
RUPP L J,2
RUSSELL J S,3
RUTHERFORD K,28
RYAN M J,5
SABRA A A,15
SACRAMENTO MO,3
SAFINYA C R,18
SAGHAZADEH S,1
SAHA RAY R,4
SAIKI C M,1
SALAMI G,1
SALDIVAR TANA,17
SALEEM M,9
SALEH O A,9
SALEHUDDIN A,3
SALEM L G,18
SALEM R M,5
SALINAS M D,1
SALMON N U,13
SALTON-COX G,8
SALTZMAN-LI K,9
SALUSCHEV S,2
SALUSHCHEV S,1
SALZMAN J E,11
SAMBADO S B,1
SAMOLSKY R E,15
SAMUEL C E,2
SAMUELS R D,14
SANCHEZ A,1
SANCHEZ C A,30
SANCHEZ D,7
SANCHEZ M,1
SANDERSON N,3
SANDOVAL C,21
SANDOVAL N I,4
SANTANA J,7
SANTORO A E,15
SARAJIAN G P,4
SARKAR B,10
SARQUILLA L S,1
SARVER J,1
SATTERTHWAITE,1
SATTIN-BAJAJ,8
SAUR E H,28
SAURET A O,12
SCALZO J N,10
SCANLON C A,1
SCHAEFFER J L,3
SCHIMEL J P,28
SCHLEY N B,27
SCHMEDAKE A J,1
SCHMIDT B S,1
SCHMIDT E M,3
SCHMITT R J,15
SCHNEIDER B E,1
SCHNEIDER N J,14
SCHOINOPLOKAK,5
SCHOOLER J W,17
SCHOPP N,1
SCHOW C L,11
SCHOWALTER D,1
SCHRANCK J B,10
SCHUCK R K,2
SCHULLER J A,9
SCHULTZ J M,7
SCOTT S L,7
SCOTT T D,1
SCOTT V,17
SCRUGGS M A,4
SCUDDER S L,5
SEARS D W,9
SEEBER A R,3
SEET A M,1
SEGAL N A,13
SEGALMAN R A,6
SEGURA D A,16
SEHAYEK S B,2
SEIBOLD D R,2
SEIJO M A,2
SEIKALY S R,10
SELTMANN K,2
SEN P,14
SENTHILKUMAR,1
SEPUNARU L,17
SESHADRI R,11
SEVILLA P C,7
SHACKLEY M J,9
SHAFIUZZAMAN,1
SHAFROTH W G,1
SHAH S,4
SHAHANDEH M P,1
SHAILJA F,1
SHAKERIAN S,8
SHANKAR S C,1
SHARKEY J D,4
SHATSKIKH E,4
SHAW-HEY A,4
SHEA J,5
SHEARD M,1
SHEEDY M A,6
SHEFFIELD C A,16
SHELL M S,11
SHEN R,1
SHEPPARD W D,2
SHEREEN SAKR,15
SHERMAN D A,15
SHERRARD R W,1
SHERWIN M S,6
SHERWOOD T P,7
SHEWRY T J,13
SHIFLEY T H,1
SHILO A,13
SHINAGAWA C,3
SHISHIM M D,28
SHKOLNIK A D,12
SHLOMI S,2
SHOEMAKER T G,3
SHRAIMAN B I,4
SIBLEY C M,4
SIDERIS L H,6
SIDERIS T C,5
SIEGEL D A,4
SIEGEL G D,10
SIINO R,2
SIMMS A R,21
SIMPSON E B,2
SIMPSON J H,21
SINGER G H S,2
SINGH A K,16
SINGH SATYAJ,10
SINGHANIA V,1
SINTURA M C,1
SISCO Z D,5
SIT K K,1
SIWAJU F,1
SKENAZI E C,16
SLADE A M,40
SLOAN T F,5
SMALL A L,15
SMALL P A,3
SMILEY B T,13
SMITH E K,4
SMITH E R,22
SMITH G L,4
SMITH H M,2
SMITH I,11
SMITH J S,1
SMITH K A,22
SMITH S L,8
SMITH S R,7
SMITH S T,6
SMITH W,9
SMYTH L M,2
SNEDIKER T B,3
SNYDER C L,1
SODHI S,1
SOLERI D,3
SOLGI M,3
SOLIS B,1
SOLIS S W,17
SOLONE C J,1
SONG K,1
SONNINO P M,11
SORAPURE M I,15
SORDILLO D C,4
SORENSON A H,2
SORIANO K M,5
SORIN C R,4
SORKIN JENNI,11
SOTO O F,2
SPECK J S,13
SPEER J M,1
SPENCER M H,3
SPERA F J,1
SPICKARD P R,9
SPIEKER S,9
SPIESS M I,1
SPIEVAK J S,1
SPRAGUE T C,9
SPRANDIO S R,1
SPRATT R M,1
SPRIGGE M A,7
SQUIRES T M,12
SRA M,11
SREDNICKI M,7
STAHL A,1
STANSELL A,17
STARR B J,1
STARTZ R,12
STEAVU-BALINT,21
STEFKOVA R,1
STEGEMOELLER,3
STEIGERWALD D,24
STEIN D A,33
STEIN D P,1
STEIN E A,10
STEINKELLNER,10
STEMMER S,8
STEPHENS C G,2
STEPHENSON J,4
STEVENS V E,5
STEVENSON-MIC,18
STEWART J C,10
STIER A C,16
STIFEL S W,8
STOHL C,13
STOHL M S,11
STOHLER J E,20
STOKES L C,10
STOLL H M,8
STONE D,8
STOPPLE J,6
STORY D E,1
STOTTS M L,3
STOWERS R S,9
STOYAN T,14
STRAMPELLI G,1
STRATAN S,2
STRATHMAN B A,30
STRATTON E C,10
STREICHAN S,9
STRELICH J H,2
STROBEL M,8
STROBEL N E,3
STRONGMAN R D,31
STRUKOV D B,10
STUART C,9
STUART D D,12
STUCKY G D,9
STURM I N,2
STURMAN P C,13
STUSSY C,1
SU J,10
SU J M,1
SUAREZ F,2
SUASSUNA SIMO,3
SUBRAMONI R,1
SUGAWARA H,8
SUH S,10
SUN C,3
SUN D,1
SUN H,5
SUN SHAN-WEI,1
SUN T,4
SUN X,5
SUN Y,7
SUNG B O,4
SURE E,5
SURI S,9
SURIANARAYANA,1
SUSKO T G,20
SUTTON J R,1
SVADLENAK N D,6
SWALEC C M,1
SWEENEY S H,7
SWEET S S,1
SWENSON J S,23
SYLVESTER B M,16
SZETO H R,1
SZMURLO D A,1
SZUMLINSKI K,12
TABATABAI-YAZ,1
TABER P K,2
TAGHAVI I,1
TAGUE C,18
TAHA R,3
TAKATORI S,10
TAKKINEN J H,2
TAMURA Y,8
TANG S,10
TANIMOTO T,10
TANLIMCO J L,1
TARGINO R D,3
TARIKERE ASHO,11
TARTT E L,1
TASCHIAN H J,33
TASHMAN A P,4
TAUBE J A,2
TAVARES P C,4
TAVES A,4
TAYLOR C J,17
TAYLOR C M,3
TAYLOR V,3
TAZHITDINOVA,10
TCHAROS S S,15
TEEL A R,8
TEJEDA A,2
TELLES E E,5
TELLEZ C M,2
TERRELL C J,1
TESSARO S M,1
TETTEGAH S Y,3
THALER K M,15
THANDI S,6
THEBAUD S E,2
THEOGARAJAN L,10
THIBDEAU J C,1
THOLL A A,16
THOMAS A A,3
THOMAS B T,2
THOMAS C,25
THOMAS C M,12
THOMAS C T,5
THOMAS-MCGILL,3
THOMASSON K M,19
THOMPSON A M,2
THOMPSON GONZ,5
THOMPSON M E,9
THOMPSON W K,6
THOMSEN C A,1
THOMSON J A,1
THONNART M M,2
THORNBURG M E,2
THORNTON S A,4
THRAMPOULIDIS,4
THROWER D A,21
THURMAN N B,3
TIAN W,9
TICHAVAKUNDA,2
TIFFNEY B H,14
TILMAN G D,4
TING J,6
TINSLEY O N,12
TITCOMB G C,1
TOBAR TOBAR C,1
TOBER T L,31
TODD S J,17
TOOBY J,9
TORGUL E,8
TORIBIO A G,1
TORRES R D,1
TORSIGLIERI A,12
TRAN T N,1
TREBESCH HEBE,1
TREVINO VERAS,2
TRINCADO MURU,4
TRIOZZI N,1
TRIPSAS M,6
TRISAL A V,1
TROTT T J,1
TRUGMAN A T,10
TRUJANO OCHOA,3
TRUJILLO S G,4
TRUSCELLI N I,10
TRZASKOMA S M,1
TSAI D,12
TSAI G T,14
TSAI P B,10
TSAO S,1
TSAY K,1
TSIKEWA A F,3
TSOULOUFAS G,1
TSOUNA V,12
TSUCHIYA Y,3
TU K-C,4
TUCKNOTT R A,1
TUDISCO J J,7
TUERKOEN M M,1
TUMEN M E,5
TUNC E,3
TURNER T L,12
TUROWETZ J,9
TURSI G,4
TWINE F W,10
TY E,1
TYBJERG D M,12
TYBURCZY J L,11
TYLER C M,14
TYRRELL B P,1
UGORETZ K M,1
UHRIG R A,1
UJEED S,1
URCAREGUI M J,2
URUCI X,1
VAFA F,1
VAGT C,13
VALADEZ A M,1
VALDEZ V E,1
VALENCIA RAMI,2
VALENTINE D L,24
VALENTINE M T,9
VAN DE WALLE,9
VAN DEN ABBEE,2
VAN DER HOEVE,2
VAN DER VEEN,1
VAN DER VEN A,12
VAN DOORNE T,1
VAN KOPPEN P,16
VANCHELLA E C,3
VANDERPOOL J,8
VANDERWARKER,18
VANDEVEER J B,3
VARBLE M R,1
VARGA K C,3
VASQUEZ A,1
VASQUEZ K E,2
VAZQUEZ-BARE,18
VEGA J C,1
VENEGAS C,7
VENTAYOL BOAD,5
VERNON T W,21
VERTIZ V,29
VESPA E I,4
VESTAL M A,1
VICTORIAN J M,4
VIGNA G,7
VIGODA E J,7
VIJAY K,7
VILANDER B A,1
VILLANUEVA-NI,7
VISELL Y,10
VIVIAN D A,3
VLCEK V,11
VO K T,1
VON MIRBACH H,3
VON WALD K,5
VOOS A C,2
VOSS K A,2
VOSS M,3
VYAS M M,7
WAGNER Z J,1
WAHLBERG D D,1
WAHLERT G A,10
WAID C J,13
WAINWRIGHT B,17
WAITE J H,14
WAKIDI H,1
WALD A P,4
WALKER D S,18
WALKER I J,4
WALKER J R,9
WALLACE V A,8
WALLER I A,6
WALSH C,12
WALSH K J,9
WALTER K V,3
WALTHER J B,13
WAN Z,1
WANG G,1
WANG JING,10
WANG L C,16
WANG L H,1
WANG M,10
WANG P T,1
WANG R K,14
WANG Y F,12
WANG Y W,17
WANG Y-D,11
WANG YUXIANG,10
WANG ZHEN,4
WARD E J,1
WARD JANE,2
WARE R T,17
WARWICK N L,23
WASHBURN L,3
WASSON C F,2
WASSON S H,2
WATERBURY A T,7
WATERS E A,1
WATTLES M,7
WEAR R S,4
WEBB M C,1
WEBB M T,21
WEBBER M A,29
WEBBER M E,2
WEBER E,8
WEBER R,20
WEI C,2
WEI G,14
WEIDNER C C,1
WEIGLER E A,1
WEIMBS T,23
WEIR E A,4
WELD D M,11
WELD S P,9
WELDEAB S,15
WELLS A K,2
WELLS S B,2
WELTER V W,25
WELTY L A,9
WENG W W,1
WERTH S,12
WESTMACOTT B,15
WHITAKER D R,14
WHITE D G,2
WHITE D W,1
WHITE J S,22
WHITE K D,32
WHITED B S,19
WHITEHEAD K A,9
WHITESIDES K,4
WHITESTONE S,5
WHITTET E O,13
WICKE J A,8
WIDICK R E,2
WILBANKS E G,13
WILHOITE K A,1
WILKENFELD N,5
WILKINSON R C,6
WILLETT B M,1
WILLIAMS A M,24
WILLIAMS D L,8
WILLIAMS M L,3
WILLIAMS O B,1
WILLIAMS R C,2
WILLIAMS S,1
WILLIS C M,2
WILSON B M,15
WILSON G D,15
WILSON M Z,13
WILSON S D,6
WILTON M B,20
WINANT H,5
WINDER T J,13
WINTER R E,1
WISEMAN W A,2
WITTMAN R K,9
WOHL H L,14
WOLFE C C,10
WOLFSON E R,12
WOLSKI R M,9
WOLTZ C R,1
WONG T,1
WONG Y,1
WOOD Z J,3
WOODS M,1
WOODS M J,2
WOODS V E,22
WOOTEN T L,14
WRIGHT P R,1
WROBEL A J,9
WU CHAO-YING,2
WU D C,3
WU G C,5
WU V,4
WU Y,1
WUEBBEN D L,5
WYMAN A J,3
WYSS A R,8
XU C,5
XU H,19
XU T,3
YAKUSHKO O F,2
YAMAMOTO NAOK,9
YAMAUCHI Y,24
YAMBOLIEV K I,20
YAN J,1
YAN L,12
YAN X,14
YANG H T,7
YANG M,8
YANG T,13
YANG XU,15
YANG Y,8
YANG YOORI,1
YAQUB S,13
YASUDA K,10
YE R,20
YEGHNAZAR P Y,1
YERKES K M,9
YEUNG E H,16
YI S,5
YOON H,6
YOON S,1
YORK R A,4
YOUK S,4
YOUNG A F,7
YOUNG C,2
YOUNG H S,12
YOUNG K,9
YOUNG M R,1
YU G,12
YU H,5
YU H-J,9
YU J,1
YU P,2
YU YIN,5
YUAN JIAOYUE,1
YUKSEL S,11
ZACKRISON E J,35
ZADEH A E,1
ZAHN S E,3
ZAKARIAN A S,12
ZALEHA S,6
ZANGER D,5
ZARATE A D,7
ZAZZARINO M,3
ZEE A,12
ZENTENO J I,1
ZETZER H A,8
ZHANG LIMING,13
ZHANG W,4
ZHANG XINYI,2
ZHANG Y,1
ZHANG YITANG,18
ZHANG YUEXIN,2
ZHANG Z,10
ZHAO X,13
ZHAO XIAOLEI,11
ZHAO YANG,1
ZHENG X,23
ZHONG S,1
ZHOU E,2
ZHOU HANMING,12
ZHOU XIN,3
ZHU M,1
ZHU X,1
ZHU Y,10
ZHU ZIMU,7
ZILZ Z L,2
ZIMET M J,2
ZIMMAN L,19
ZIMMERMAN A Z,17
ZIMMERMAN D S,2
ZIPPERSTEIN S,7
ZISA J E,5
ZISERMAN P,6
ZOK F,5
ZOLLETT E,1
ZONOUZI L,1
ZSHORNACK M F,2
ZULUETA B C,24
ZUO Y,9
ZYLSTRA S J,12